Title,Link
The Right Golf Ball for Your Game,http://moongolf.com/?p=1146
Fits Like a Glove: Do You Need Golf Gloves?,http://moongolf.com/?p=1138
Importance of Teaching Your Daughters to Golf,http://moongolf.com/?p=1135
Best Golf Bags for Style &#038; Function,http://moongolf.com/?p=1094
Is Golf Still the Language of Business?,http://moongolf.com/?p=1102
3 Things You Didn&#8217;t Know About Club Fitting,http://moongolf.com/?p=1098
Things to Know About this Year&#8217;s PGA Tour,http://moongolf.com/?p=1112
"New on the PGA Tour: ShotLink, Live Ball-tracking, and the Future of Your Golf Game",http://moongolf.com/?p=1106
Tips for Golfing With Your Kids this Summer,http://moongolf.com/?p=1090
Does Golf Ball Compression Factor Matter?,http://moongolf.com/?p=1081
The Right Golf Ball for Your Game,http://moongolf.com/?p=1146
Fits Like a Glove: Do You Need Golf Gloves?,http://moongolf.com/?p=1138
Importance of Teaching Your Daughters to Golf,http://moongolf.com/?p=1135
Best Golf Bags for Style &#038; Function,http://moongolf.com/?p=1094
Is Golf Still the Language of Business?,http://moongolf.com/?p=1102
3 Things You Didn&#8217;t Know About Club Fitting,http://moongolf.com/?p=1098
Things to Know About this Year&#8217;s PGA Tour,http://moongolf.com/?p=1112
"New on the PGA Tour: ShotLink, Live Ball-tracking, and the Future of Your Golf Game",http://moongolf.com/?p=1106
Tips for Golfing With Your Kids this Summer,http://moongolf.com/?p=1090
Does Golf Ball Compression Factor Matter?,http://moongolf.com/?p=1081
The Right Golf Ball for Your Game,http://moongolf.com/?p=1146
Fits Like a Glove: Do You Need Golf Gloves?,http://moongolf.com/?p=1138
Importance of Teaching Your Daughters to Golf,http://moongolf.com/?p=1135
Best Golf Bags for Style &#038; Function,http://moongolf.com/?p=1094
Is Golf Still the Language of Business?,http://moongolf.com/?p=1102
3 Things You Didn&#8217;t Know About Club Fitting,http://moongolf.com/?p=1098
Things to Know About this Year&#8217;s PGA Tour,http://moongolf.com/?p=1112
"New on the PGA Tour: ShotLink, Live Ball-tracking, and the Future of Your Golf Game",http://moongolf.com/?p=1106
Tips for Golfing With Your Kids this Summer,http://moongolf.com/?p=1090
Does Golf Ball Compression Factor Matter?,http://moongolf.com/?p=1081
The Right Golf Ball for Your Game,http://moongolf.com/?p=1146
Fits Like a Glove: Do You Need Golf Gloves?,http://moongolf.com/?p=1138
Importance of Teaching Your Daughters to Golf,http://moongolf.com/?p=1135
Best Golf Bags for Style &#038; Function,http://moongolf.com/?p=1094
Is Golf Still the Language of Business?,http://moongolf.com/?p=1102
3 Things You Didn&#8217;t Know About Club Fitting,http://moongolf.com/?p=1098
Things to Know About this Year&#8217;s PGA Tour,http://moongolf.com/?p=1112
"New on the PGA Tour: ShotLink, Live Ball-tracking, and the Future of Your Golf Game",http://moongolf.com/?p=1106
Tips for Golfing With Your Kids this Summer,http://moongolf.com/?p=1090
Does Golf Ball Compression Factor Matter?,http://moongolf.com/?p=1081
The Right Golf Ball for Your Game,http://moongolf.com/?p=1146
Fits Like a Glove: Do You Need Golf Gloves?,http://moongolf.com/?p=1138
Importance of Teaching Your Daughters to Golf,http://moongolf.com/?p=1135
Best Golf Bags for Style &#038; Function,http://moongolf.com/?p=1094
Is Golf Still the Language of Business?,http://moongolf.com/?p=1102
3 Things You Didn&#8217;t Know About Club Fitting,http://moongolf.com/?p=1098
Things to Know About this Year&#8217;s PGA Tour,http://moongolf.com/?p=1112
"New on the PGA Tour: ShotLink, Live Ball-tracking, and the Future of Your Golf Game",http://moongolf.com/?p=1106
Tips for Golfing With Your Kids this Summer,http://moongolf.com/?p=1090
Does Golf Ball Compression Factor Matter?,http://moongolf.com/?p=1081
